Temps,MouvementX1,Temps,MouvementY1,Temps,ModeleDeMouvementX1,Temps,MouvementX2,Temps,MouvementY2,Temps,ModeleDeMouvementX2
0,-0.0715468583220665,0,-0.0757035366547166,0,-0.0778450557490488,0,-0.0455603676001147,0,-0.0641378584049396,0,-0.0447200916512942
0.0666666,-0.057611043905216,0.00677965423728814,-0.0707087577012743,0.00677965423728814,-0.0767870364323638,0.0666666,-0.0514157290208459,0.0666666,-0.0604158686943938,0.0666666,-0.0471166740110397
0.1333332,-0.01425517683057,0.0135593084745763,-0.06585680018727,0.0135593084745763,-0.0754264803421185,0.1333332,-0.0466249787675204,0.1333332,-0.0614792943259783,0.1333332,-0.0407949772782009
0.1999998,0.0368428093645485,0.0203389627118644,-0.0611452993091488,0.0203389627118644,-0.0737686628556601,0.1999998,-0.0333173391749497,0.1999998,-0.0667964224839008,0.1999998,-0.0271015807947448
0.2666664,0.072456557318722,0.0271186169491525,-0.0565719075579678,0.0271186169491525,-0.0718200119423146,0.2666664,-0.014154338161648,0.2666664,-0.067328135299693,0.2666664,-0.00870230968149825
0.333333,0.0801986764391945,0.0338982711864407,-0.0521342948775832,0.0338982711864407,-0.0695880832397804,0.333333,0.00607327401905947,0.333333,-0.0678598481154853,0.333333,0.0109342207908305
0.3999996,0.0647144381982495,0.0406779254237288,-0.0478301488174249,0.0406779254237288,-0.0670815307581367,0.3999996,0.0263008861997669,0.3999996,-0.0683915609312775,0.3999996,0.028188666583902
0.4666662,0.0182617234754145,0.047457579661017,-0.0436571746799121,0.047457579661017,-0.0643100733250573,0.4666662,0.0396085257923376,0.4666662,-0.0641378584049396,0.4666662,0.0399563754579202
0.5333328,-0.0320620508076567,0.0542372338983051,-0.0396130956625679,0.0542372338983051,-0.0612844569023343,0.5333328,0.0438669704619602,0.5333328,-0.0646695712207318,0.5333328,0.0442041412839886
0.7333326,-0.066901586849783,0.0745761966101695,-0.0282317325713121,0.0745761966101695,-0.0508046187680758,0.7333326,0.0151224689420075,0.7333326,-0.0678598481154853,0.7333326,0.0130073208430942
0.7999992,-0.026642567423326,0.0813558508474576,-0.0246808285937627,0.0813558508474576,-0.0468888313824193,0.7999992,-0.00244361532018576,0.7999992,-0.0678598481154853,0.7999992,-0.00515431688733344
0.8666658,0.0267780545079342,0.0881355050847458,-0.0212477087604785,0.0881355050847458,-0.0427864335821221,0.8666658,-0.0200096995823791,0.8666658,-0.0657329968523163,0.8666658,-0.0219307102266244
0.9333324,0.0701339215825802,0.0949151593220339,-0.0179302063341346,0.0949151593220339,-0.0385133318752519,0.9333324,-0.0333173391749497,0.9333324,-0.0646695712207318,0.9333324,-0.034282931230822
0.999999,0.0809728883512417,0.101694813559322,-0.0147261733235318,0.101694813559322,-0.0340860946518287,0.999999,-0.0391727005956808,0.999999,-0.0636061455891473,0.999999,-0.040047676201693
1.0666656,0.0709081334946275,0.10847446779661,-0.0116334805852896,0.10847446779661,-0.0295218879420718,1.0666656,-0.0375757838445723,1.0666656,-0.0630744327733551,1.0666656,-0.0383139379406237
1.1333322,0.0360685974525012,0.115254122033898,-0.00865001792073331,0.115254122033898,-0.0248384088573741,1.1333322,-0.0317204224238413,1.1333322,-0.065201284036524,1.1333322,-0.0295623669731828
1.1999988,-0.020448872126948,0.122033776271186,-0.00577369416802698,0.122033776271186,-0.02005381697208,1.1999988,-0.0157512549127564,1.1999988,-0.0662647096681085,1.1999988,-0.0155470001809953
1.2666654,-0.0599336796413577,0.128813430508475,-0.00300243728960702,0.128813430508475,-0.0151866639121233,1.2666654,0.000217912598328381,1.2666654,-0.0683915609312775,1.2666654,0.00105338955004236
1.333332,-0.0738694940582082,0.135593084745763,-0.00033419445496928,0.135593084745763,-0.010255821423537,1.333332,0.0161870801094132,1.333332,-0.0678598481154853,1.333332,0.0171455169361676
1.3999986,-0.0715468583220665,0.142372738983051,0.00223306788113724,0.142372738983051,-0.00528040819973945,1.3999986,0.0278978029508754,1.3999986,-0.0667964224839008,1.3999986,0.0297965167306275
1.4666652,-0.0405783818401765,0.149152393220339,0.00470136390505706,0.149152393220339,-0.000279715751314434,1.4666652,0.035350081122715,1.4666652,-0.0657329968523163,1.4666652,0.0367669942647417
1.5333318,0.010519604354942,0.155932047457627,0.00707268837506256,0.155932047457627,0.00472686639428462,1.5333318,0.0342854699553093,1.5333318,-0.065201284036524,1.5333318,0.0369055891721952
1.5999984,0.0608433786380132,0.162711701694915,0.00934901655662383,0.162711701694915,0.00971992587307789,1.5999984,0.0284301085345782,1.5999984,-0.0657329968523163,1.5999984,0.0303358886894544
1.666665,0.0794244645271472,0.169491355932203,0.0115323041620617,0.169491355932203,0.0146801027534481,1.666665,0.0172516912768188,1.666665,-0.0683915609312775,1.666665,0.0184060230057475
1.7333316,0.0771018287910055,0.176271010169492,0.013624487294532,0.176271010169492,0.0195881646017299,1.7333316,0.00394405168424816,1.7333316,-0.0689232737470698,1.7333316,0.00341533763382974
1.7999982,0.0484559880452572,0.18305066440678,0.0156274823962888,0.18305066440678,0.0244250810534422,1.7999982,-0.010960504659431,1.7999982,-0.067328135299693,1.7999982,-0.0118269938009879
1.8666648,0.001229061410375,0.189830318644068,0.0175431862011768,0.189830318644068,0.029172097601025,1.8666648,-0.0242681442520017,1.8666648,-0.0662647096681085,1.8666648,-0.0245270036717529
1.9333314,-0.0506431366967907,0.196609972881356,0.019373475691299,0.196609972881356,0.0338108083119756,1.9333314,-0.0301235056727328,1.9333314,-0.0646695712207318,1.9333314,-0.0324167363295285
1.999998,-0.069998434497972,0.203389627118644,0.0211202080578113,0.203389627118644,0.0383232271954328,1.999998,-0.0322527280075441,1.999998,-0.0646695712207318,1.999998,-0.0341576876397902
2.0666646,-0.0723210702341137,0.210169281355932,0.022785220665791,0.210169281355932,0.0426918579404905,2.0666646,-0.0274619777542186,2.0666646,-0.0662647096681085,2.0666646,-0.0295654122417183
2.1333312,-0.0490947128726962,0.21694893559322,0.0243703310231301,0.21694893559322,0.0468997617558438,2.1333312,-0.0189450884149734,2.1333312,-0.0657329968523163,2.1333312,-0.0196181068829591
2.1999978,0.000454849498327738,0.223728589830509,0.0258773367534026,0.223728589830509,0.0509306230477241,2.1999978,-0.00404053207129423,2.1999978,-0.0689232737470698,2.1999978,-0.00625230911589792
2.2666644,0.04768177613321,0.230508244067797,0.0273080155726551,0.230508244067797,0.0547688126814695,2.2666644,0.00873480193757361,2.2666644,-0.067328135299693,2.2666644,0.00801227199302039
2.333331,0.0747791930548637,0.237287898305085,0.0286641252700717,0.237287898305085,0.0583994485814389,2.333331,0.019913219195333,2.333331,-0.0678598481154853,2.333331,0.0205464333537322
2.3999976,0.0786502526151,0.244067552542373,0.0299474036924631,0.244067552542373,0.0618084534343039,2.3999976,0.028962414118281,2.3999976,-0.067328135299693,2.3999976,0.0290948598660488
2.4666642,0.0554238952536825,0.250847206779661,0.03115956873253,0.250847206779661,0.06498260927198,2.4666642,0.0305593308693895,2.4666642,-0.0662647096681085,2.4666642,0.032180567916309
2.5333308,0.00974539244289477,0.257626861016949,0.0323023183208533,0.257626861016949,0.0679096087225601,2.5333308,0.0284301085345782,2.5333308,-0.067328135299693,2.5333308,0.0293581410968673
2.5999974,-0.0367073222799402,0.264406515254237,0.0333773304215591,0.264406515254237,0.0705781027305306,2.5999974,0.0188486080279273,2.5999974,-0.0678598481154853,2.5999974,0.021272726874566
2.666664,-0.0723210702341137,0.271186169491525,0.0343862630316134,0.271186169491525,0.0729777445612422,2.666664,0.00820249635387077,2.666664,-0.0678598481154853,2.666664,0.00951823578250421
2.7333306,-0.07619212979435,0.277965823728814,0.0353307541836946,0.277965823728814,0.075099229919013,2.7333306,-0.00457283765499707,2.7333306,-0.0683915609312775,2.7333306,-0.00367493776928735
2.7999972,-0.0622563153774995,0.284745477966102,0.0362124219525983,0.284745477966102,0.0769343330233113,2.7999972,-0.0157512549127564,2.7999972,-0.067328135299693,2.7999972,-0.0158618270897129
2.8666638,-0.0134809649185227,0.29152513220339,0.037032864465124,0.29152513220339,0.0784759385031385,2.8666638,-0.0242681442520017,2.8666638,-0.0657329968523163,2.8666638,-0.0248348612332931
2.9333304,0.038391233188643,0.298304786440678,0.037793659913398,0.298304786440678,0.0797180689859444,2.9333304,-0.0269296721705158,2.9333304,-0.0657329968523163,2.9333304,-0.0290225497012277
2.999997,0.0716823454066747,0.305084440677966,0.0384963665715826,0.305084440677966,0.0806559082741032,2.999997,-0.0258650610031101,2.999997,-0.0657329968523163,2.999997,-0.027763108779039
3.0666636,0.0771018287910055,0.311864094915254,0.0391425228159269,0.311864094915254,0.0812858200190868,3.0666636,-0.0184127828312706,3.0666636,-0.0678598481154853,3.0666636,-0.0214056978264558
3.1333302,0.0647144381982495,0.318643749152542,0.0397336471481092,0.318643749152542,0.0816053618209279,3.1333302,-0.00883128232461968,3.1333302,-0.067328135299693,3.1333302,-0.0112245033094242
3.1999968,0.0213585711236035,0.325423403389831,0.0402712382218269,0.325423403389831,0.0816132946983047,3.1999968,0.00234713493313969,3.1999968,-0.067328135299693,3.1999968,0.000834531563957671
3.2666634,-0.0281909912474205,0.332203057627119,0.0407567748725845,0.332203057627119,0.0813095878925282,3.2666634,0.0129932466071962,3.2666634,-0.0678598481154853,3.2666634,0.0125243490007956
3.33333,-0.063804739201594,0.338982711864407,0.0411917161506355,0.338982711864407,0.0806954189868051,3.33333,0.0220424415301443,3.33333,-0.067328135299693,3.33333,0.0217144252686619
3.3999966,-0.07619212979435,0.345762366101695,0.0415775013570307,0.345762366101695,0.0797731693403133,3.3999966,0.0273654973671726,3.3999966,-0.0678598481154853,3.3999966,0.0267779950420178
3.4666632,-0.0661273749377357,0.352542020338983,0.0419155500827273,0.352542020338983,0.0785464148547952,3.4666632,0.0263008861997669,3.4666632,-0.067328135299693,3.4666632,0.026878674655529
3.5333298,-0.029739415071515,0.359321674576271,0.0422072622507127,0.359321674576271,0.0770199121094688,3.5333298,0.0204455247790358,3.5333298,-0.0689232737470698,3.5333298,0.0221062416878306
3.5999964,0.0221327830356508,0.366101328813559,0.0424540181610984,0.366101328813559,0.0751995799180171,3.5999964,0.0113963298560877,3.5999964,-0.0678598481154853,3.5999964,0.0134400194698302
3.666663,0.0639402262862022,0.372880983050847,0.042657178539137,0.372880983050847,0.0730924763791663,3.666663,0.00128252376573402,3.666663,-0.067328135299693,3.666663,0.00255032346842472
3.7333296,0.075553404966911,0.379660637288136,0.0428180845861196,0.379660637288136,0.0707067715098361,3.7333296,-0.00883128232461968,3.7333296,-0.067328135299693,3.7333296,-0.00852217599105778
3.7999962,0.0701339215825802,0.386440291525424,0.0429380580331057,0.386440291525424,0.0680517155669733,3.7999962,-0.0200096995823791,3.7999962,-0.0657329968523163,3.7999962,-0.0177478546892817
3.8666628,0.0329717498043122,0.393219945762712,0.0430184011974441,0.393219945762712,0.0651376031808966,3.8666628,-0.023203533084596,3.8666628,-0.065201284036524,3.8666628,-0.023479199724145
3.9333294,-0.0150293887426172,0.3999996,0.0430603970420387,0.3999996,0.0619757334392215,3.9333294,-0.0242681442520017,3.9333294,-0.0662647096681085,3.9333294,-0.0247438804276379
3.999996,-0.0560626200811215,0.406779254237288,0.0430653092373143,0.406779254237288,0.0585783660761331,3.999996,-0.0194773939986762,3.999996,-0.067328135299693,3.999996,-0.0214079100034026
4.0666626,-0.0754179178823027,0.413558908474576,0.043034382225841,0.413558908474576,0.0549586739368796,4.0666626,-0.0114928102431338,4.0666626,-0.067328135299693,4.0666626,-0.0141818807257177
4.1333292,-0.0715468583220665,0.420338562711864,0.0429688412895703,0.420338562711864,0.0511306919017962,4.1333292,-0.00244361532018576,4.1333292,-0.0689232737470698,4.1333292,-0.00447255317407551
4.1999958,-0.0374815341919875,0.427118216949153,0.0428698926196429,0.427118216949153,0.0471092624679022,4.1999958,0.00713788518646514,4.1999958,-0.067328135299693,4.1999958,0.00588967830564774
4.2666624,0.010519604354942,0.433897871186441,0.0427387233887215,0.433897871186441,0.0429099781990704,4.2666624,0.0177839968605217,4.2666624,-0.0689232737470698,4.2666624,0.0149948795332319
4.333329,0.0561981071657297,0.440677525423729,0.0425765018258082,0.440677525423729,0.038549121267911,4.333329,0.0236393582812528,4.333329,-0.0678598481154853,4.333329,0.0212047200908803
4.3999956,0.0716823454066747,0.447457179661017,0.0423843772935023,0.447457179661017,0.0340436003237878,4.3999956,0.0236393582812528,4.3999956,-0.0678598481154853,4.3999956,0.0234462735477604
0,,0.454236833898305,0.0421634803676568,0.454236833898305,0.0294108849317539,4.4666622,0.0204455247790358,4.4666622,-0.0678598481154853,4.4666622,0.0213959756936336
1,,0.461016488135593,0.0419149229193905,0.461016488135593,0.02466893783661,4.5333288,0.0156547745257104,4.5333288,-0.0678598481154853,4.5333288,0.0155224815376397
,,0.467796142372881,0.0416397981994134,0.467796142372881,0.0198361453147231,4.5999954,0.00500866285165383,4.5999954,-0.0683915609312775,4.5999954,0.00698365682962663
,,0.47457579661017,0.0413391809246257,0.47457579661017,0.0149312458836581,4.666662,-0.0035082264875914,4.666662,-0.0689232737470698,4.666662,-0.00260027117021861
,,0.481355450847458,0.0410141273669452,0.481355450847458,0.00997325764603854,4.7333286,-0.0120251158268367,4.7333286,-0.067328135299693,4.7333286,-0.0114532032817029
,,0.488135105084746,0.0406656754443249,0.488135105084746,0.00498140454935561,4.7999952,-0.0194773939986762,4.7999952,-0.0662647096681085,4.7999952,-0.0179714919129131
,,0.494914759322034,0.0402948448139182,0.494914759322034,-2.49581523614488E-5,4.8666618,-0.0210743107497847,4.8666618,-0.0657329968523163,4.8666618,-0.0210135579181024
,,0.501694413559322,0.03990263696735,0.501694413559322,-0.00502641894599756,4.9333284,-0.0194773939986762,4.9333284,-0.0662647096681085,4.9333284,-0.0200986612049704
,,0.50847406779661,0.0394900353280548,0.50847406779661,-0.0100035853249419,4.999995,-0.0146866437453508,4.999995,-0.0657329968523163,4.999995,-0.015480441896644
,,0.515253722033898,0.0390580053506401,0.515253722033898,-0.0149371589809821,5.0666616,-0.00616975440610554,5.0666616,-0.0689232737470698,5.0666616,-0.00808450832383046
,,0.522033376271187,0.0386074946222348,0.522033376271187,-0.0198080106309571,5.1333282,0.00500866285165383,5.1333282,-0.067328135299693,5.1333282,0.000675546375701594
,,0.528813030508475,0.0381394329657831,0.528813030508475,-0.0245972541880374,5.1999948,0.0124609410234934,5.1999948,-0.0678598481154853,5.1999948,0.00916739014673872
,,0.535592684745763,0.037654732545244,0.535592684745763,-0.0292863199900434,5.2666614,0.0183163024442245,5.2666614,-0.067328135299693,5.2666614,0.0158433448682131
,,0.542372338983051,0.037154287972656,0.542372338983051,-0.033857026800869,5.333328,0.0215101359464415,5.333328,-0.067328135299693,5.333328,0.0195216780561705
,,0.549151993220339,0.0366389764170292,0.549151993220339,-0.0382916523058339,5.3999946,0.0209778303627386,5.3999946,-0.0678598481154853,5.3999946,0.0195948148312729
,,0.555931647457627,0.0361096577150239,0.555931647457627,-0.0425730018276289,5.4666612,0.0156547745257104,5.4666612,-0.067328135299693,5.4666612,0.0161279723943902
,,0.562711301694915,0.0355671744833787,0.562711301694915,-0.0466844749964158,5.5333278,0.0103317186886821,5.5333278,-0.0678598481154853,5.5333278,0.00983256140461381
,,0.569490955932203,0.0350123522330474,0.569490955932203,-0.050610130115579,5.5999944,0.000750218182031215,5.5999944,-0.0683915609312775,5.5999944,0.00192195051118701
,,0.576270610169492,0.0344459994850079,0.576270610169492,-0.0543347459735584,5.666661,-0.00776667115721404,5.666661,-0.067328135299693,5.666661,-0.00612145444982736
,,0.58305026440678,0.0338689078877042,0.58305026440678,-0.0578438808620951,5.7333276,-0.0157512549127564,5.7333276,-0.0678598481154853,5.7333276,-0.0128232718742998
,,0.589829918644068,0.0332818523360838,0.589829918644068,-0.0611239285720569,5.7999942,-0.0194773939986762,5.7999942,-0.067328135299693,5.7999942,-0.016986697599033
,,0.596609572881356,0.0326855910921921,0.596609572881356,-0.0641621711497251,5.8666608,-0.0200096995823791,5.8666608,-0.0667964224839008,5.8666608,-0.0179054006508416
,,0.603389227118644,0.032080865907287,0.603389227118644,-0.0669468282089877,5.9333274,-0.0146866437453508,5.9333274,-0.0678598481154853,5.9333274,-0.0154820488901772
,,0.610168881355932,0.0314684021454369,0.610168881355932,-0.0694671026082376,5.999994,-0.010960504659431,5.999994,-0.0683915609312775,5.999994,-0.0102328384518971
,,0.61694853559322,0.0308489089085624,0.61694853559322,-0.0717132223148697,6.0666606,-0.00137900415278009,6.0666606,-0.0678598481154853,6.0666606,-0.00317968358991035
,,0.623728189830509,0.0302230791628893,0.623728189830509,-0.0736764782950523,6.1333272,0.0066055796027623,6.1333272,-0.0678598481154853,6.1333272,0.00434776081378362
,,0.630507844067797,0.029591589866772,0.630507844067797,-0.0753492582818606,6.1999938,0.0135255521908991,6.1999938,-0.0667964224839008,6.1999938,0.010962059689388
,,0.637287498305085,0.0289551020998527,0.637287498305085,-0.0767250762908411,6.2666604,0.0172516912768188,6.2666604,-0.067328135299693,6.2666604,0.0154730793133921
,,0.644067152542373,0.0283142611935222,0.644067152542373,-0.0777985977685631,6.333327,0.0193809136116301,6.333327,-0.0678598481154853,6.333327,0.0171014128492323
,,0.650846806779661,0.0276696968626417,0.650846806779661,-0.0785656602766486,6.3999936,0.016719385693116,6.3999936,-0.0678598481154853,6.3999936,0.0156120132794434
,,0.657626461016949,0.0270220233384953,0.657626461016949,-0.0790232896310796,6.4666602,0.0113963298560877,6.4666602,-0.067328135299693,6.4666602,0.0113453260508112
,,0.664406115254237,0.0263718395029325,0.664406115254237,-0.0791697114342056,6.5333268,0.00394405168424816,6.5333268,-0.0683915609312775,6.5333268,0.00514246053982246
,,0.671185769491526,0.0257197290236715,0.671185769491526,-0.0790043579547374,6.5999934,-0.00457283765499707,6.5999934,-0.0683915609312775,6.5999934,-0.0018196002218012
,,0.677965423728814,0.025066260490721,0.677965423728814,-0.0785278703290499,,,,,,
,,0.684745077966102,0.0244119875538934,0.684745077966102,-0.0777420960752609,,,,,,
,,0.69152473220339,0.0237574490613676,0.69152473220339,-0.0766500819297221,,,,,,
,,0.698304386440678,0.0231031691992743,0.698304386440678,-0.0752560620336996,,,,,,
,,0.705084040677966,0.0224496576322624,0.705084040677966,-0.0735654415160474,,,,,,
,,0.711863694915254,0.0217974096450191,0.711863694915254,-0.0715847755355319,,,,,,
,,0.718643349152542,0.021146906284706,0.718643349152542,-0.069321743864065,,,,,,
,,0.725423003389831,0.0204986145042789,0.725423003389831,-0.0667851211093983,,,,,,
,,0.732202657627119,0.0198529873066588,0.732202657627119,-0.0639847426927355,,,,,,
,,0.738982311864407,0.0192104638897212,0.738982311864407,-0.06093146671318,,,,,,
,,0.745761966101695,0.0185714697920686,0.745761966101695,-0.0576371318468829,,,,,,
,,0.752541620338983,0.017936417039559,0.752541620338983,-0.0541145114441329,,,,,,
,,0.759321274576271,0.0173057042925503,0.759321274576271,-0.0503772640023708,,,,,,
,,0.766100928813559,0.016679716993837,0.766100928813559,-0.0464398802071602,,,,,,
,,0.772880583050848,0.0160588275172415,0.772880583050848,-0.0423176267464609,,,,,,
,,0.779660237288136,0.015443395316831,0.779660237288136,-0.0380264871160527,,,,,,
,,0.786439891525424,0.0148337670767278,0.786439891525424,-0.0335830996456327,,,,,,
,,0.793219545762712,0.0142302768614826,0.793219545762712,-0.0290046929858792,,,,,,
,,0.7999992,0.0136332462669789,0.7999992,-0.0243090193066245,,,,,,
,,0.806778854237288,0.013042984571839,0.806778854237288,-0.0195142854651494,,,,,,
,,0.813558508474576,0.0124597888893012,0.813558508474576,-0.0146390824114896,,,,,,
,,0.820338162711865,0.0118839443195368,0.820338162711865,-0.0097023131044703,,,,,,
,,0.827117816949153,0.0113157241023767,0.827117816949153,-0.00472311921796906,,,,,,
,,0.833897471186441,0.0107553897704208,0.833897471186441,0.000279193078407961,,,,,,
,,0.840677125423729,0.0102031913024985,0.840677125423729,0.00528522797645983,,,,,,
,,0.847456779661017,0.00965936727744941,0.847456779661017,0.010275575234087,,,,,,
,,0.854236433898305,0.0091241450281989,0.854236433898305,0.0152308854359535,,,,,,
,,0.861016088135593,0.00859774079609764,0.861016088135593,0.0201319450182997,,,,,,
,,0.867795742372881,0.00808035988549592,0.867795742372881,0.02495975076701,,,,,,
,,0.87457539661017,0.00757219681852637,0.87457539661017,0.0296955835000773,,,,,,
,,0.881355050847458,0.00707343549006643,0.881355050847458,0.0343210806487695,,,,,,
,,0.888134705084746,0.00658424932284828,0.888134705084746,0.0388183074560753,,,,,,
,,0.894914359322034,0.00610480142269886,0.894914359322034,0.0431698265163666,,,,,,
,,0.901694013559322,0.0056352447338701,0.901694013559322,0.0473587653866462,,,,,,
,,0.90847366779661,0.00517572219444183,0.90847366779661,0.0513688820072263,,,,,,
,,0.915253322033898,0.00472636689176552,0.915253322033898,0.0551846276781805,,,,,,
,,0.922032976271187,0.0042873022179236,0.922032976271187,0.0587912073473823,,,,,,
,,0.928812630508475,0.00385864202517637,0.928812630508475,0.0621746369763752,,,,,,
,,0.935592284745763,0.00344049078137441,0.935592284745763,0.0653217977616423,,,,,,
,,0.942371938983051,0.00303294372530437,0.942371938983051,0.0682204870010429,,,,,,
,,0.949151593220339,0.00263608702194738,0.949151593220339,0.0708594654081849,,,,,,
,,0.955931247457627,0.00224999791762058,0.955931247457627,0.0732285006912804,,,,,,
,,0.962710901694915,0.00187474489498184,0.962710901694915,0.0753184072275114,,,,,,
,,0.969490555932204,0.00151038782786482,0.969490555932204,0.0771210816790748,,,,,,
,,0.976270210169492,0.00115697813592729,0.976270210169492,0.0786295344128089,,,,,,
,,0.98304986440678,0.00081455893908132,0.98304986440678,0.0798379166015775,,,,,,
,,0.989829518644068,0.000483165211686773,0.989829518644068,0.0807415429023276,,,,,,
,,0.996609172881356,0.000162823936479803,0.996609172881356,0.0813369096228912,,,,,,
,,1.00338882711864,-0.000146445741786586,1.00338882711864,0.081621708307091,,,,,,
,,1.01016848135593,-0.000444632363013522,1.01016848135593,0.0815948346854757,,,,,,
,,1.01694813559322,-0.000731731998759214,1.01694813559322,0.0812563929569797,,,,,,
,,1.02372778983051,-0.00100774809960637,1.02372778983051,0.0806076953849053,,,,,,
,,1.0305074440678,-0.00127269134290399,1.0305074440678,0.0796512572087943,,,,,,
,,1.03728709830508,-0.00152657948091774,1.03728709830508,0.0783907868919174,,,,,,
,,1.04406675254237,-0.00176943718940671,1.04406675254237,0.0768311717421955,,,,,,
,,1.05084640677966,-0.0020012959166469,1.05084640677966,0.0749784589623058,,,,,,
,,1.05762606101695,-0.00222219373292899,1.05762606101695,0.0728398322024489,,,,,,
,,1.06440571525424,-0.00243217518054663,1.06440571525424,0.0704235837066888,,,,,,
,,1.07118536949153,-0.00263129112430339,1.07118536949153,0.0677390821608679,,,,,,
,,1.07796502372881,-0.00281959860255056,1.07796502372881,0.0647967363667588,,,,,,
,,1.0847446779661,-0.00299716067878943,1.0847446779661,0.0616079548833041,,,,,,
,,1.09152433220339,-0.00316404629384516,1.09152433220339,0.0581851017914296,,,,,,
,,1.09830398644068,-0.0033203301186462,1.09830398644068,0.0545414487539456,,,,,,
,,1.10508364067797,-0.00346609240761965,1.10508364067797,0.0506911235564196,,,,,,
,,1.11186329491525,-0.00360141885272848,1.11186329491525,0.0466490553285456,,,,,,
,,1.11864294915254,-0.00372640043817031,1.11864294915254,0.0424309166584065,,,,,,
,,1.12542260338983,-0.00384113329575188,1.12542260338983,0.0380530628240743,,,,,,
,,1.13220225762712,-0.0039457185609716,1.13220225762712,0.0335324683781702,,,,,,
,,1.13898191186441,-0.00404026222981237,1.13898191186441,0.0288866613312685,,,,,,
,,1.1457615661017,-0.00412487501627724,1.1457615661017,0.02413365518934,,,,,,
,,1.15254122033898,-0.00419967221068508,1.15254122033898,0.0192918791087517,,,,,,
,,1.15932087457627,-0.00426477353873768,1.15932087457627,0.0143801064396363,,,,,,
,,1.16610052881356,-0.00432030302138166,1.16610052881356,0.00941738193469408,,,,,,
,,1.17288018305085,-0.00436638883548825,1.17288018305085,0.00442294790566994,,,,,,
,,1.17965983728814,-0.0044031631753584,1.17965983728814,-0.000583830386181028,,,,,,
,,1.18643949152542,-0.00443076211507899,1.18643949152542,-0.00558353981634772,,,,,,
,,1.19321914576271,-0.0044493254717476,1.19321914576271,-0.0105567946689008,,,,,,
,,1.1999988,-0.00445899666957329,1.1999988,-0.0154843118020569,,,,,,
,,1.20677845423729,-0.00445992260488871,1.20677845423729,-0.0203469854160267,,,,,,
,,1.21355810847458,-0.00445225351207081,1.21355810847458,-0.0251259611332396,,,,,,
,,1.22033776271186,-0.00443614283040196,1.22033776271186,-0.0298027091037152,,,,,,
,,1.22711741694915,-0.00441174707187665,1.22711741694915,-0.0343590958521195,,,,,,
,,1.23389707118644,-0.0043792256899793,1.23389707118644,-0.0387774545879315,,,,,,
,,1.24067672542373,-0.00433874094944132,1.24067672542373,-0.0430406537061002,,,,,,
,,1.24745637966102,-0.00429045779700211,1.24745637966102,-0.0471321632125912,,,,,,
,,1.25423603389831,-0.00423454373317546,1.25423603389831,-0.0510361188172644,,,,,,
,,1.26101568813559,-0.00417116868505697,1.26101568813559,-0.0547373834455744,,,,,,
,,1.26779534237288,-0.00410050488016335,1.26779534237288,-0.0582216059305844,,,,,,
,,1.27457499661017,-0.00402272672133965,1.27457499661017,-0.0614752766577315,,,,,,
,,1.28135465084746,-0.00393801066273737,1.28135465084746,-0.0644857799465801,,,,,,
,,1.28813430508475,-0.00384653508688383,1.28813430508475,-0.0672414429664628,,,,,,
,,1.29491395932203,-0.00374848018284436,1.29491395932203,-0.0697315809963479,,,,,,
,,1.30169361355932,-0.00364402782551455,1.30169361355932,-0.0719465388534404,,,,,,
,,1.30847326779661,-0.00353336145602924,1.30847326779661,-0.0738777283298826,,,,,,
,,1.3152529220339,-0.0034166659633247,1.3152529220339,-0.0755176614924018,,,,,,
,,1.32203257627119,-0.00329412756685478,1.32203257627119,-0.0768599797157868,,,,,,
,,1.32881223050847,-0.00316593370046749,1.32881223050847,-0.0778994783376208,,,,,,
,,1.33559188474576,-0.00303227289748111,1.33559188474576,-0.0786321268386761,,,,,,
,,1.34237153898305,-0.00289333467693854,1.34237153898305,-0.0790550844707219,,,,,,
,,1.34915119322034,-0.00274930943108255,1.34915119322034,-0.0791667112711527,,,,,,
,,1.35593084745763,-0.00260038831403277,1.35593084745763,-0.0789665744217268,,,,,,
,,1.36271050169492,-0.00244676313171656,1.36271050169492,-0.0784554499267631,,,,,,
,,1.3694901559322,-0.00228862623302296,1.3694901559322,-0.0776353196042855,,,,,,
,,1.37626981016949,-0.00212617040221875,1.37626981016949,-0.0765093634017849,,,,,,
,,1.38304946440678,-0.00195958875263104,1.38304946440678,-0.0750819470663901,,,,,,
,,1.38982911864407,-0.00178907462160106,1.38982911864407,-0.0733586052172581,,,,,,
,,1.39660877288136,-0.00161482146672921,1.39660877288136,-0.0713460198858155,,,,,,
,,1.40338842711864,-0.00143702276341541,1.40338842711864,-0.0690519946070603,,,,,,
,,1.41016808135593,-0.00125587190370426,1.41016808135593,-0.0664854241623817,,,,,,
,,1.41694773559322,-0.00107156209645555,1.41694773559322,-0.0636562600912133,,,,,,
,,1.42372738983051,-0.000884286268832427,1.42372738983051,-0.0605754721052491,,,,,,
,,1.4305070440678,-0.00069423696912975,1.4305070440678,-0.0572550055548277,,,,,,
,,1.43728669830508,-0.000501606270956315,1.43728669830508,-0.0537077351124069,,,,,,
,,1.44406635254237,-0.000306585678756868,1.44406635254237,-0.0499474148527153,,,,,,
,,1.45084600677966,-0.000109366034711914,1.45084600677966,-0.0459886249231347,,,,,,
,,1.45762566101695,8.98625729957997E-5,1.45762566101695,-0.0418467150110954,,,,,,
,,1.46440531525424,0.000290910900534999,1.46440531525424,-0.0375377448276837,,,,,,
,,1.47118496949153,0.000493590637384952,1.47118496949153,-0.033078421838221,,,,,,
,,1.47796462372881,0.000697714493906529,1.47796462372881,-0.0284860364812657,,,,,,
,,1.4847442779661,0.000903096287491953,1.4847442779661,-0.02377839512721,,,,,,
,,1.49152393220339,0.00110955102732745,1.49152393220339,-0.0189737510364212,,,,,,
,,1.49830358644068,0.00131689499771125,1.49830358644068,-0.0140907335846226,,,,,,
,,1.50508324067797,0.00152494583995698,1.50508324067797,-0.00914827602994086,,,,,,
,,1.51186289491525,0.00173352263286373,1.51186289491525,-0.00416554210168665,,,,,,
,,1.51864254915254,0.00194244597174552,1.51864254915254,0.000838148304488124,,,,,,
,,1.52542220338983,0.00215153804601141,1.52542220338983,0.00584339403694277,,,,,,
,,1.53220185762712,0.00236062271529512,1.53220185762712,0.0108307879134637,,,,,,
,,1.53898151186441,0.00256952558412769,1.53898151186441,0.0157809919700616,,,,,,
,,1.5457611661017,0.00277807407514362,1.5457611661017,0.0206748124413838,,,,,,
,,1.55254082033898,0.00298609750082056,1.55254082033898,0.0254932741820158,,,,,,
,,1.55932047457627,0.00319342713374092,1.55932047457627,0.030217694240114,,,,,,
,,1.56610012881356,0.00339989627537572,1.56610012881356,0.0348297542980918,,,,,,
,,1.57287978305085,0.00360534032338476,1.57287978305085,0.0393115716994909,,,,,,
,,1.57965943728814,0.0038095968374313,1.57965943728814,0.0436457687866285,,,,,,
,,1.58643909152542,0.00401250560349063,1.58643909152542,0.0478155402801806,,,,,,
,,1.59321874576271,0.00421390869668135,1.59321874576271,0.0518047184394423,,,,,,
,,1.5999984,0.00441365054257968,1.5999984,0.0555978357506183,,,,,,
,,1.60677805423729,0.00461157797703314,1.60677805423729,0.0591801849000719,,,,,,
,,1.61355770847458,0.00480754030447571,1.61355770847458,0.0625378758000002,,,,,,
,,1.62033736271186,0.00500138935471327,1.62033736271186,0.0656578894454247,,,,,,
,,1.62711701694915,0.00519297953821428,1.62711701694915,0.0685281283936699,,,,,,
,,1.63389667118644,0.00538216789988054,1.63389667118644,0.0711374636706067,,,,,,
,,1.64067632542373,0.00556881417128206,1.64067632542373,0.073475777921787,,,,,,
,,1.64745597966102,0.00575278082139095,1.64745597966102,0.0755340046411546,,,,,,
,,1.65423563389831,0.00593393310578381,1.65423563389831,0.0773041633252312,,,,,,
,,1.66101528813559,0.00611213911431761,1.66101528813559,0.078779390416468,,,,,,
,,1.66779494237288,0.00628726981728543,1.66779494237288,0.0799539659157888,,,,,,
,,1.67457459661017,0.0064591991100381,1.67457459661017,0.080823335561134,,,,,,
,,1.68135425084746,0.00662780385607663,1.68135425084746,0.0813841284860127,,,,,,
,,1.68813390508475,0.00679296392862271,1.68813390508475,0.0816341702895944,,,,,,
,,1.69491355932203,0.0069545622506496,1.69491355932203,0.0815724914676624,,,,,,
,,1.70169321355932,0.00711248483339309,1.70169321355932,0.081199331171739,,,,,,
,,1.70847286779661,0.00726662081331951,1.70847286779661,0.0805161362818067,,,,,,
,,1.7152525220339,0.0074168624875731,1.7152525220339,0.0795255557962214,,,,,,
,,1.72203217627119,0.00756310534788694,1.72203217627119,0.0782314305605696,,,,,,
,,1.72881183050847,0.00770524811296545,1.72881183050847,0.0766387783752946,,,,,,
,,1.73559148474576,0.00784319275934485,1.73559148474576,0.0747537745398354,,,,,,
,,1.74237113898305,0.00797684455071078,1.74237113898305,0.0725837279087142,,,,,,
,,1.74915079322034,0.00810611206570765,1.74915079322034,0.0701370525524152,,,,,,
,,1.75593044745763,0.00823090722420226,1.75593044745763,0.0674232351329314,,,,,,
,,1.76271010169492,0.00835114531204272,1.76271010169492,0.0644527981204812,,,,,,
,,1.7694897559322,0.00846674500428311,1.7694897559322,0.0612372589940127,,,,,,
,,1.77626941016949,0.00857762838689312,1.77626941016949,0.0577890855836941,,,,,,
,,1.78304906440678,0.00868372097695645,1.78304906440678,0.0541216477285413,,,,,,
,,1.78982871864407,0.00878495174133863,1.78982871864407,0.0502491654366254,,,,,,
,,1.79660837288136,0.00888125311385678,1.79660837288136,0.04618665374886,,,,,,
,,1.80338802711864,0.00897256101094178,1.80338802711864,0.0419498645201557,,,,,,
,,1.81016768135593,0.00905881484578229,1.81016768135593,0.0375552253436737,,,,,,
,,1.81694733559322,0.00913995754097884,1.81694733559322,0.0330197758549917,,,,,,
,,1.82372698983051,0.00921593553969623,1.82372698983051,0.0283611016631593,,,,,,
,,1.8305066440678,0.0092866988153165,1.8305066440678,0.0235972661648103,,,,,,
,,1.83728629830509,0.00935220087961418,1.83728629830509,0.0187467405057172,,,,,,
,,1.84406595254237,0.00941239878943088,1.84406595254237,0.0138283319613524,,,,,,
,,1.85084560677966,0.00946725315188233,1.85084560677966,0.00886111101415051,,,,,,
,,1.85762526101695,0.00951672812808067,1.85762526101695,0.00386433741021992,,,,,,
,,1.86440491525424,0.00956079143538822,1.86440491525424,-0.00114261451779022,,,,,,
,,1.87118456949153,0.00959941434821442,1.87118456949153,-0.00614033097211742,,,,,,
,,1.87796422372881,0.0096325716973341,1.87796422372881,-0.0111094339643341,,,,,,
,,1.8847438779661,0.00966024186777124,1.8847438779661,-0.0160306564509494,,,,,,
,,1.89152353220339,0.00968240679522379,1.89152353220339,-0.0208849170388384,,,,,,
,,1.89830318644068,0.00969905196104813,1.89830318644068,-0.025653393970833,,,,,,
,,1.90508284067797,0.00971016638580978,1.90508284067797,-0.030317598104612,,,,,,
,,1.91186249491525,0.00971574262140816,1.91186249491525,-0.0348594446019187,,,,,,
,,1.91864214915254,0.00971577674177425,1.91864214915254,-0.039261323050144,,,,,,
,,1.92542180338983,0.00971026833216114,1.92542180338983,-0.0435061657443853,,,,,,
,,1.93220145762712,0.00969922047701642,1.93220145762712,-0.0475775138652282,,,,,,
,,1.93898111186441,0.00968263974646609,1.93898111186441,-0.0514595812956548,,,,,,
,,1.9457607661017,0.00966053618140759,1.9457607661017,-0.0551373158296366,,,,,,
,,1.95254042033898,0.00963292327720421,1.95254042033898,-0.0585964575350846,,,,,,
,,1.95932007457627,0.00959981796602737,1.95932007457627,-0.0618235940448607,,,,,,
,,1.96609972881356,0.00956124059781525,1.96609972881356,-0.0648062125614678,,,,,,
,,1.97287938305085,0.0095172149198771,1.97287938305085,-0.067532748373777,,,,,,
,,1.97965903728814,0.00946776805515613,1.97965903728814,-0.0699926296976741,,,,,,
,,1.98643869152542,0.0094129304791478,1.98643869152542,-0.0721763186667629,,,,,,
,,1.99321834576271,0.00935273599548091,1.99321834576271,-0.0740753483141879,,,,,,
,,1.999998,0.00928722171020478,1.999998,-0.075682355402185,,,,,,
,,2.00677765423729,0.00921642800472099,2.00677765423729,-0.0769911089720672,,,,,,
,,2.01355730847458,0.00914039850747193,2.01355730847458,-0.0779965345039488,,,,,,
,,2.02033696271186,0.00905918006428306,2.02033696271186,-0.0786947335925281,,,,,,
,,2.02711661694915,0.00897282270747622,2.02711661694915,-0.0790829990626419,,,,,,
,,2.03389627118644,0.00888137962367384,2.03389627118644,-0.0791598254659806,,,,,,
,,2.04067592542373,0.00878490712037504,2.04067592542373,-0.078924914918267,,,,,,
,,2.04745557966102,0.00868346459127088,2.04745557966102,-0.0783791782542625,,,,,,
,,2.05423523389831,0.00857711448033181,2.05423523389831,-0.0775247314961258,,,,,,
,,2.06101488813559,0.0084659222446649,2.06101488813559,-0.0763648876488147,,,,,,
,,2.06779454237288,0.00834995631617895,2.06779454237288,-0.0749041438543453,,,,,,
,,2.07457419661017,0.00822928806202526,2.07457419661017,-0.0731481639547149,,,,,,
,,2.08135385084746,0.00810399174387776,2.08135385084746,-0.0711037565310995,,,,,,
,,2.08813350508475,0.0079741444760154,2.08813350508475,-0.0687788485044757,,,,,,
,,2.09491315932203,0.0078398261822815,2.09491315932203,-0.0661824544000263,,,,,,
,,2.10169281355932,0.00770111955184581,2.10169281355932,-0.0633246413945048,,,,,,
,,2.10847246779661,0.0075581099938765,2.10847246779661,-0.0602164902820812,,,,,,
,,2.1152521220339,0.00741088559107315,2.1152521220339,-0.0568700525100192,,,,,,
,,2.12203177627119,0.00725953705209946,2.12203177627119,-0.0532983034507736,,,,,,
,,2.12881143050847,0.00710415766290794,2.12881143050847,-0.049515092091691,,,,,,
,,2.13559108474576,0.00694484323701082,2.13559108474576,-0.0455350873373811,,,,,,
,,2.14237073898305,0.00678169206469025,2.14237073898305,-0.0413737211329685,,,,,,
,,2.14915039322034,0.00661480486111198,2.14915039322034,-0.0370471286287537,,,,,,
,,2.15593004745763,0.0064442847134739,2.15593004745763,-0.0325720856182914,,,,,,
,,2.16270970169492,0.00627023702707628,2.16270970169492,-0.0279659434924533,,,,,,
,,2.1694893559322,0.00609276947045011,2.1694893559322,-0.0232465619616947,,,,,,
,,2.17626901016949,0.00591199191942003,2.17626901016949,-0.0184322398073738,,,,,,
,,2.18304866440678,0.00572801640028696,2.18304866440678,-0.0135416439306337,,,,,,
,,2.18982831864407,0.00554095703196343,2.18982831864407,-0.00859373697394726,,,,,,
,,2.19660797288136,0.00535092996725749,2.19660797288136,-0.00360770379596366,,,,,,
,,2.20338762711864,0.00515805333316131,2.20338762711864,0.00139712291525706,,,,,,
,,2.21016728135593,0.00496244717028592,2.21016728135593,0.0064013376022011,,,,,,
,,2.21694693559322,0.00476423337138009,2.21694693559322,0.0113855370803983,,,,,,
,,2.22372658983051,0.00456353561898402,2.22372658983051,0.0163303957717187,,,,,,
,,2.2305062440678,0.00436047932223259,2.2305062440678,0.0212167406367609,,,,,,
,,2.23728589830508,0.00415519155282738,2.23728589830508,0.0260256255157909,,,,,,
,,2.24406555254237,0.00394780098019042,2.24406555254237,0.0307384045899859,,,,,,
,,2.25084520677966,0.00373843780579218,2.25084520677966,0.0353368046781448,,,,,,
,,2.25762486101695,0.00352723369673967,2.25762486101695,0.0398029960885457,,,,,,
,,2.26440451525424,0.00331432171857703,2.26440451525424,0.0441196617512314,,,,,,
,,2.27118416949153,0.00309983626734477,2.27118416949153,0.0482700643626709,,,,,,
,,2.27796382372881,0.00288391300092138,2.27796382372881,0.0522381112824537,,,,,,
,,2.2847434779661,0.00266668876966013,2.2847434779661,0.0560084169303863,,,,,,
,,2.29152313220339,0.00244830154632646,2.29152313220339,0.059566362442057,,,,,,
,,2.29830278644068,0.00222889035537964,2.29830278644068,0.0628981523515604,,,,,,
,,2.30508244067797,0.00200859520162432,2.30508244067797,0.0659908680816019,,,,,,
,,2.31186209491525,0.00178755699819698,2.31186209491525,0.0688325180335837,,,,,,
,,2.31864174915254,0.00156591749399558,2.31864174915254,0.0714120840834513,,,,,,
,,2.32542140338983,0.00134381920048875,2.32542140338983,0.07371956430302,,,,,,
,,2.33220105762712,0.00112140531797476,2.33220105762712,0.075746011741137,,,,,,
,,2.33898071186441,0.000898819661292335,2.33898071186441,0.0774835691143084,,,,,,
,,2.3457603661017,0.000676206585018199,2.3457603661017,0.078925499272282,,,,,,
,,2.35254002033898,0.000453710908184898,2.35254002033898,0.0800662113204624,,,,,,
,,2.35931967457627,0.000231477838464986,2.35931967457627,0.0809012822978691,,,,,,
,,2.36609932881356,9.65289594977159E-6,2.36609932881356,0.0814274743265864,,,,,,
,,2.37287898305085,-0.000211618163504915,2.37287898305085,0.0816427471662092,,,,,,
,,2.37965863728814,-0.000432189425386822,2.37965863728814,0.081546266124607,,,,,,
,,2.38643829152542,-0.000651914893968666,2.38643829152542,0.0811384052943329,,,,,,
,,2.39321794576271,-0.000870648570151414,2.39321794576271,0.0804207461021286,,,,,,
,,2.3999976,-0.00108824452963242,2.3999976,0.0793960711771507,,,,,,
,,2.40677725423729,-0.00130455700140265,2.40677725423729,0.0780683535616915,,,,,,
,,2.41355690847458,-0.00151944044651788,2.41355690847458,0.0764427413062301,,,,,,
,,2.42033656271186,-0.00173274963716032,2.42033656271186,0.0745255375085438,,,,,,
,,2.42711621694915,-0.0019443397359601,2.42711621694915,0.0723241758742748,,,,,,
,,2.43389587118644,-0.00215406637546146,2.43389587118644,0.0698471918937141,,,,,,
,,2.44067552542373,-0.00236178573789493,2.44067552542373,0.0671041897465607,,,,,,
,,2.44745517966102,-0.00256735463505033,2.44745517966102,0.0641058050629767,,,,,,
,,2.45423483389831,-0.00277063058830164,2.45423483389831,0.0608636636853307,,,,,,
,,2.46101448813559,-0.00297147190878756,2.46101448813559,0.0573903365905218,,,,,,
,,2.46779414237288,-0.00316973777764219,2.46779414237288,0.0536992911476705,,,,,,
,,2.47457379661017,-0.00336528832636053,2.47457379661017,0.0498048389001645,,,,,,
,,2.48135345084746,-0.00355798471712356,2.48135345084746,0.0457220800745322,,,,,,
,,2.48813310508475,-0.00374768922321435,2.48813310508475,0.0414668450312989,,,,,,
,,2.49491275932203,-0.00393426530939424,2.49491275932203,0.0370556328848456,,,,,,
,,2.50169241355932,-0.00411757771223299,2.50169241355932,0.0325055475302629,,,,,,
,,2.50847206779661,-0.00429749252043433,2.50847206779661,0.0278342313252464,,,,,,
,,2.5152517220339,-0.00447387725497785,2.5152517220339,0.0230597966841721,,,,,,
,,2.52203137627119,-0.00464660094922555,2.52203137627119,0.0182007558495961,,,,,,
,,2.52881103050848,-0.00481553422886018,2.52881103050848,0.0132759491134639,,,,,,
,,2.53559068474576,-0.00498054939163074,2.53559068474576,0.00830447176635728,,,,,,
,,2.54237033898305,-0.00514152048693818,2.54237033898305,0.00330560005801562,,,,,,
,,2.54914999322034,-0.00529832339515103,2.54914999322034,-0.00170128354378764,,,,,,
,,2.55592964745763,-0.0054508359066804,2.55592964745763,-0.00669676550621674,,,,,,
,,2.56270930169492,-0.00559893780079336,2.56270930169492,-0.0116614765047918,,,,,,
,,2.5694889559322,-0.00574251092409729,2.5694889559322,-0.0165761665254004,,,,,,
,,2.57626861016949,-0.00588143926862118,2.57626861016949,-0.021421779503695,,,,,,
,,2.58304826440678,-0.00601560904965139,2.58304826440678,-0.026179527212477,,,,,,
,,2.58982791864407,-0.00614490878302444,2.58982791864407,-0.0308309621105772,,,,,,
,,2.59660757288136,-0.00626922936211884,2.59660757288136,-0.0353580488707719,,,,,,
,,2.60338722711864,-0.00638846413426276,2.60338722711864,-0.0397432343093916,,,,,,
,,2.61016688135593,-0.00650250897672223,2.61016688135593,-0.0439695154464836,,,,,,
,,2.61694653559322,-0.00661126237218936,2.61694653559322,-0.0480205054326308,,,,,,
,,2.62372618983051,-0.00671462548360093,2.62372618983051,-0.0518804970868057,,,,,,
,,2.6305058440678,-0.00681250222852071,2.6305058440678,-0.0555345237988998,,,,,,
,,2.63728549830509,-0.00690479935280099,2.63728549830509,-0.058968417560786,,,,,,
,,2.64406515254237,-0.0069914265035881,2.64406515254237,-0.0621688639009078,,,,,,
,,2.65084480677966,-0.00707229630175367,2.65084480677966,-0.0651234535093916,,,,,,
,,2.65762446101695,-0.00714732441351353,2.65762446101695,-0.0678207303535142,,,,,,
,,2.66440411525424,-0.00721642962130921,2.66440411525424,-0.0702502360969635,,,,,,
,,2.67118376949153,-0.00727953389401716,2.67118376949153,-0.0724025506506628,,,,,,
,,2.67796342372881,-0.00733656245616977,2.67796342372881,-0.0742693286979268,,,,,,
,,2.6847430779661,-0.00738744385651703,2.6847430779661,-0.0758433320523302,,,,,,
,,2.69152273220339,-0.00743211003561463,2.69152273220339,-0.0771184577228239,,,,,,
,,2.69830238644068,-0.00747049639247534,2.69830238644068,-0.0780897615772804,,,,,,
,,2.70508204067797,-0.00750254185037459,2.70508204067797,-0.0787534775127157,,,,,,
,,2.71186169491525,-0.00752818892161734,2.71186169491525,-0.0791070320578588,,,,,,
,,2.71864134915254,-0.00754738377131371,2.71864134915254,-0.079149054351448,,,,,,
,,2.72542100338983,-0.00756007628005818,2.72542100338983,-0.0788793814575651,,,,,,
,,2.73220065762712,-0.0075662201056922,2.73220065762712,-0.0782990589973983,,,,,,
,,2.73898031186441,-0.00756577274366478,2.73898031186441,-0.0774103370949833,,,,,,
,,2.7457599661017,-0.00755869558658707,2.7457599661017,-0.0762166616526432,,,,,,
,,2.75253962033898,-0.00754495398232503,2.75253962033898,-0.0747226609899554,,,,,,
,,2.75931927457627,-0.00752451729106753,2.75931927457627,-0.072934127898051,,,,,,
,,2.76609892881356,-0.00749735894096272,2.76609892881356,-0.0708579971788289,,,,,,
,,2.77287858305085,-0.00746345648265979,2.77287858305085,-0.0685023187561731,,,,,,
,,2.77965823728814,-0.00742279164231409,2.77965823728814,-0.0658762264634314,,,,,,
,,2.78643789152542,-0.00737535037345184,2.78643789152542,-0.0629899026281779,,,,,,
,,2.79321754576271,-0.00732112290723753,2.79321754576271,-0.0598545385915751,,,,,,
,,2.7999972,-0.0072601038014334,2.7999972,-0.0564822913154226,,,,,,
,,2.80677685423729,-0.00719229198784234,2.80677685423729,-0.0528862362451335,,,,,,
,,2.81355650847458,-0.00711769081818904,2.81355650847458,-0.0490803166114171,,,,,,
,,2.82033616271186,-0.00703630810860569,2.82033616271186,-0.045079289367232,,,,,,
,,2.82711581694915,-0.00694815618234491,2.82711581694915,-0.0408986679696426,,,,,,
,,2.83389547118644,-0.00685325191101351,2.83389547118644,-0.0365546622284299,,,,,,
,,2.84067512542373,-0.00675161675403636,2.84067512542373,-0.0320641154546844,,,,,,
,,2.84745477966102,-0.00664327679653244,2.84745477966102,-0.0274444391530825,,,,,,
,,2.85423443389831,-0.00652826278534903,2.85423443389831,-0.022713545511066,,,,,,
,,2.86101408813559,-0.00640661016342582,2.86101408813559,-0.0178897779466916,,,,,,
,,2.86779374237288,-0.006278359102189,2.86779374237288,-0.0129918399844361,,,,,,
,,2.87457339661017,-0.00614355453226535,2.87457339661017,-0.00803872273474497,,,,,,
,,2.88135305084746,-0.00600224617218105,2.88135305084746,-0.00304963125849353,,,,,,
,,2.88813270508475,-0.00585448855515715,2.88813270508475,0.00195608989810909,,,,,,
,,2.89491235932203,-0.00570034105396612,2.89491235932203,0.00695903170945471,,,,,,
,,2.90169201355932,-0.00553986790373452,2.90169201355932,0.0119397959264804,,,,,,
,,2.90847166779661,-0.00537313822267661,2.90847166779661,0.0168790702908308,,,,,,
,,2.9152513220339,-0.00520022603078653,2.9152513220339,0.0217577034155978,,,,,,
,,2.92203097627119,-0.00502121026634063,2.92203097627119,0.0265567790423058,,,,,,
,,2.92881063050848,-0.00483617480027444,2.92881063050848,0.0312576893862184,,,,,,
,,2.93559028474576,-0.004645208448269,2.93559028474576,0.0358422072855756,,,,,,
,,2.94236993898305,-0.00444840498065004,2.94236993898305,0.0402925568750173,,,,,,
,,2.94914959322034,-0.00424586312994103,2.94914959322034,0.0445914825091641,,,,,,
,,2.95592924745763,-0.00403768659609062,2.95592924745763,0.0487223156691132,,,,,,
,,2.96270890169492,-0.00382398404931118,2.96270890169492,0.052669039592429,,,,,,
,,2.9694885559322,-0.00360486913043102,2.9694885559322,0.0564163513760331,,,,,,
,,2.97626821016949,-0.00338046044887687,2.97626821016949,0.0599497213111996,,,,,,
,,2.98304786440678,-0.00315088157808953,2.98304786440678,0.063255449220589,,,,,,
,,2.98982751864407,-0.00291626104839805,2.98982751864407,0.0663207175788866,,,,,,
,,2.99660717288136,-0.00267673233716538,2.99660717288136,0.0691336412110691,,,,,,
,,3.00338682711864,-0.00243243385657101,3.00338682711864,0.0716833133756096,,,,,,
,,3.01016648135593,-0.00218350893838805,3.01016648135593,0.0739598480539337,,,,,,
,,3.01694613559322,-0.0019301058162552,3.01694613559322,0.0759544182821554,,,,,,
,,3.02372578983051,-0.00167237760499685,3.02372578983051,0.0776592903764708,,,,,,
,,3.0305054440678,-0.00141048227735498,3.0305054440678,0.0790678539194993,,,,,,
,,3.03728509830509,-0.00114458263757923,3.03728509830509,0.0801746473913074,,,,,,
,,3.04406475254237,-0.000874846292279532,3.04406475254237,0.0809753793457348,,,,,,
,,3.05084440677966,-0.000601445618297572,3.05084440677966,0.0814669450499124,,,,,,
,,3.05762406101695,-0.000324557727546484,3.05762406101695,0.0816474385224556,,,,,,
,,3.06440371525424,-4.4364428796087E-5,3.06440371525424,0.0815161599236567,,,,,,
,,3.07118336949153,0.000238947813627863,3.07118336949153,0.0810736182690216,,,,,,
,,3.07796302372881,0.000525187924245482,3.07796302372881,0.0803215294556285,,,,,,
,,3.0847426779661,0.000814160264057992,3.0847426779661,0.079262809608963,,,,,,
,,3.09152233220339,0.00110566468142613,3.09152233220339,0.0779015637760251,,,,,,
,,3.09830198644068,0.00139949656615222,3.09830198644068,0.0762430700085487,,,,,,
,,3.10508164067797,0.00169544690702171,3.10508164067797,0.0742937588980503,,,,,,
,,3.11186129491525,0.00199330235256966,3.11186129491525,0.0720611886420558,,,,,,
,,3.11864094915254,0.00229284527537731,3.11864094915254,0.0695540157381839,,,,,,
,,3.12542060338983,0.00259385383976506,3.12542060338983,0.0667819614197141,,,,,,
,,3.13220025762712,0.00289610207310519,3.13220025762712,0.0637557739627829,,,,,,
,,3.13897991186441,0.00319935994062913,3.13897991186441,0.0604871870113568,,,,,,
,,3.1457595661017,0.00350339342372706,3.1457595661017,0.0569888740815703,,,,,,
,,3.15253922033898,0.00380796460224918,3.15253922033898,0.0532743994218334,,,,,,
,,3.15931887457627,0.00411283174018827,3.15931887457627,0.0493581654192421,,,,,,
,,3.16609852881356,0.00441774937520011,3.16609852881356,0.0452553567562159,,,,,,
,,3.17287818305085,0.00472246841212685,3.17287818305085,0.0409818815338885,,,,,,
,,3.17965783728814,0.00502673622012516,3.17965783728814,0.0365543095905376,,,,,,
,,3.18643749152542,0.00533029673383144,3.18643749152542,0.031989808254214,,,,,,
,,3.19321714576271,0.00563289055855463,3.19321714576271,0.0273060757786869,,,,,,
,,3.1999968,0.00593425507923083,3.1999968,0.0225212727207902,,,,,,
,,3.20677645423729,0.0062341245738161,3.20677645423729,0.0176539515252512,,,,,,
,,3.21355610847458,0.00653223033038218,3.21355610847458,0.0127229845900277,,,,,,
,,3.22033576271186,0.00682830076874051,3.22033576271186,0.00774749109106316,,,,,,
,,3.22711541694915,0.00712206156598448,3.22711541694915,0.00274676285019729,,,,,,
,,3.23389507118644,0.00741323578646234,3.23389507118644,-0.00225981046633578,,,,,,
,,3.24067472542373,0.00770154401617106,3.24067472542373,-0.00725281652878979,,,,,,
,,3.24745437966102,0.00798670450105586,3.24745437966102,-0.0122128956126623,,,,,,
,,3.25423403389831,0.00826843329050041,3.25423403389831,-0.0171208156634808,,,,,,
,,3.26101368813559,0.00854644438440687,3.26101368813559,-0.0219575468665656,,,,,,
,,3.26779334237288,0.0088204498855141,3.26779334237288,-0.0267043354326335,,,,,,
,,3.27457299661017,0.00909016015598262,3.27457299661017,-0.0313427763131505,,,,,,
,,3.28135265084746,0.00935528397856121,3.28135265084746,-0.0358548845634872,,,,,,
,,3.28813230508475,0.00961552872260128,3.28813230508475,-0.0402231650771767,,,,,,
,,3.29491195932203,0.00987060051476428,3.29491195932203,-0.0444306804208896,,,,,,
,,3.30169161355932,0.0101202044143819,3.30169161355932,-0.0484611165071061,,,,,,
,,3.30847126779661,0.0103640445939129,3.30847126779661,-0.052298845849843,,,,,,
,,3.3152509220339,0.0106018245240363,3.3152509220339,-0.0559289881581766,,,,,,
,,3.32203057627119,0.0108332471639526,3.32203057627119,-0.0593374680326154,,,,,,
,,3.32881023050848,0.0110580151565042,3.32881023050848,-0.0625110695406098,,,,,,
,,3.33558988474576,0.0112758310284161,3.33558988474576,-0.0654374874595931,,,,,,
,,3.34236953898305,0.0114863973956768,3.34236953898305,-0.068105374988864,,,,,,
,,3.34914919322034,0.0116894171740828,3.34914919322034,-0.0705043877453146,,,,,,
,,3.35592884745763,0.0118845937951123,3.35592884745763,-0.0726252238724157,,,,,,
,,3.36270850169492,0.0120716314267696,3.36270850169492,-0.0744596601069423,,,,,,
,,3.3694881559322,0.0122502352002852,3.3694881559322,-0.0760005836635956,,,,,,
,,3.37626781016949,0.0124201114416243,3.37626781016949,-0.0772420198138926,,,,,,
,,3.38304746440678,0.0125809679089269,3.38304746440678,-0.0781791550523909,,,,,,
,,3.38982711864407,0.0127325140353437,3.38982711864407,-0.0788083557604222,,,,,,
,,3.39660677288136,0.0128744611771164,3.39660677288136,-0.0791271822949715,,,,,,
,,3.40338642711864,0.0130065228678079,3.40338642711864,-0.0791343984480718,,,,,,
,,3.41016608135593,0.0131284150778142,3.41016608135593,-0.0788299762400384,,,,,,
,,3.41694573559322,0.0132398564798429,3.41694573559322,-0.0782150960279561,,,,,,
,,3.42372538983051,0.0133405687200144,3.42372538983051,-0.0772921419289996,,,,,,
,,3.4305050440678,0.0134302766949571,3.4305050440678,-0.0760646925763333,,,,,,
,,3.43728469830509,0.0135087088348461,3.43728469830509,-0.0745375072434311,,,,,,
,,3.44406435254237,0.0135755973921195,3.44406435254237,-0.0727165073906196,,,,,,
,,3.45084400677966,0.0136306787367525,3.45084400677966,-0.070608753705394,,,,,,
,,3.45762366101695,0.0136736936571021,3.45762366101695,-0.0682224187255313,,,,,,
,,3.46440331525424,0.0137043876672153,3.46440331525424,-0.0655667551511489,,,,,,
,,3.47118296949153,0.0137225113201785,3.47118296949153,-0.0626520599685768,,,,,,
,,3.47796262372881,0.0137278205279035,3.47796262372881,-0.0594896345251473,,,,,,
,,3.4847422779661,0.0137200768871443,3.4847422779661,-0.0560917407097063,,,,,,
,,3.49152193220339,0.0136990480117872,3.49152193220339,-0.0524715534087513,,,,,,
,,3.49830158644068,0.0136645078719287,3.49830158644068,-0.0486431094225421,,,,,,
,,3.50508124067797,0.0136162371390095,3.50508124067797,-0.0446212530392527,,,,,,
,,3.51186089491525,0.0135540235380781,3.51186089491525,-0.0404215784781962,,,,,,
,,3.51864054915254,0.0134776622060036,3.51864054915254,-0.0360603694252893,,,,,,
,,3.52542020338983,0.013386956057018,3.52542020338983,-0.0315545358952019,,,,,,
,,3.53219985762712,0.0132817161546524,3.53219985762712,-0.0269215486649979,,,,,,
,,3.53897951186441,0.0131617620907284,3.53897951186441,-0.0221793715334947,,,,,,
,,3.5457591661017,0.0130269223707405,3.5457591661017,-0.0173463916689952,,,,,,
,,3.55253882033898,0.0128770348069532,3.55253882033898,-0.0124413483154604,,,,,,
,,3.55931847457627,0.0127119469178617,3.55931847457627,-0.00748326013355468,,,,,,
,,3.56609812881356,0.0125315163348637,3.56609812881356,-0.00249135145828979,,,,,,
,,3.57287778305085,0.0123356112163385,3.57287778305085,0.00251502224080577,,,,,,
,,3.57965743728814,0.0121241106685418,3.57965743728814,0.00751644940797724,,,,,,
,,3.58643709152542,0.0118969051739944,3.58643709152542,0.0124935376669953,,,,,,
,,3.59321674576271,0.0116538970272079,3.59321674576271,0.0174269890125474,,,,,,
,,3.5999964,0.0113950007776021,3.5999964,0.0222976746357158,,,,,,
,,3.60677605423729,0.011120143679883,3.60677605423729,0.027086709093417,,,,,,
,,3.61355570847458,0.0108292661523913,3.61355570847458,0.0317755235342268,,,,,,
,,3.62033536271186,0.0105223222423255,3.62033536271186,0.0363459376966603,,,,,,
,,3.62711501694915,0.0101992800990062,3.62711501694915,0.0407802304007422,,,,,,
,,3.63389467118644,0.00986012245503774,3.63389467118644,0.0450612082595549,,,,,,
,,3.64067432542373,0.0095048471145479,3.64067432542373,0.0491722723443346,,,,,,
,,3.64745397966102,0.00913346745021025,3.64745397966102,0.0530974825446352,,,,,,
,,3.65423363389831,0.0087460129072635,3.65423363389831,0.0568216193740109,,,,,,
,,3.66101328813559,0.00834252951613422,3.66101328813559,0.0603302429815733,,,,,,
,,3.66779294237288,0.00792308041278598,3.66779294237288,0.0636097491406149,,,,,,
,,3.67457259661017,0.00748774636735382,3.67457259661017,0.0666474219972095,,,,,,
,,3.68135225084746,0.00703662632059464,3.68135225084746,0.0694314833742638,,,,,,
,,3.68813190508475,0.00656983792903386,3.68813190508475,0.0719511384398499,,,,,,
,,3.69491155932203,0.00608751811820817,3.69491155932203,0.0741966175627477,,,,,,
,,3.70169121355932,0.00558982364415815,3.70169121355932,0.0761592141929046,,,,,,
,,3.70847086779661,0.00507693166343458,3.70847086779661,0.077831318619939,,,,,,
,,3.7152505220339,0.00454904031181323,3.7152505220339,0.0792064474787913,,,,,,
,,3.72203017627119,0.00400636929124053,3.72203017627119,0.0802792688881201,,,,,,
,,3.72880983050847,0.00344916046575548,3.72880983050847,0.0810456231239704,,,,,,
,,3.73558948474576,0.00287767846572461,3.73558948474576,0.0815025387485568,,,,,,
,,3.74236913898305,0.00229221130129652,3.74236913898305,0.0816482441316223,,,,,,
,,3.74914879322034,0.00169307098432402,3.74914879322034,0.0814821743197022,,,,,,
,,3.75592844745763,0.00108059415958849,3.75592844745763,0.0810049732266565,,,,,,
,,3.76270810169492,0.000455142744479761,3.76270810169492,0.0802184911369788,,,,,,
,,3.7694877559322,-0.000182895421729903,3.7694877559322,0.0791257775315616,,,,,,
,,3.77626741016949,-0.000833105919835334,3.77626741016949,0.0777310692637341,,,,,,
,,3.78304706440678,-0.00149504708326877,3.78304706440678,0.0760397741314221,,,,,,
,,3.78982671864407,-0.0021682493215588,3.78982671864407,0.0740584499091214,,,,,,
,,3.79660637288136,-0.00285221443428764,3.79660637288136,0.0717947789209897,,,,,,
,,3.80338602711864,-0.00354641491581832,3.80338602711864,0.0692575382536449,,,,,,
,,3.81016568135593,-0.00425029325032091,3.81016568135593,0.0664565657241666,,,,,,
,,3.81694533559322,-0.00496326119771563,3.81694533559322,0.0634027217352516,,,,,,
,,3.82372498983051,-0.00568469906917869,3.82372498983051,0.060107847165433,,,,,,
,,3.8305046440678,-0.00641395499390075,3.8305046440678,0.056584717457629,,,,,,
,,3.83728429830509,-0.00715034417533168,3.83728429830509,0.0528469930840435,,,,,,
,,3.84406395254237,-0.00789314813812649,3.84406395254237,0.0489091665794809,,,,,,
,,3.85084360677966,-0.00864161396466402,3.85084360677966,0.0447865063484481,,,,,,
,,3.85762326101695,-0.00939495352217769,3.85762326101695,0.0404949974639233,,,,,,
,,3.86440291525424,-0.0101523426793403,3.86440291525424,0.0360512796873381,,,,,,
,,3.87118256949153,-0.0109129205129724,3.87118256949153,0.0314725829500895,,,,,,
,,3.87796222372881,-0.0116757885045239,3.87796222372881,0.0267766605467467,,,,,,
,,3.8847418779661,-0.0124400097262184,3.8847418779661,0.0219817202989862,,,,,,
,,3.89152153220339,-0.0132046080167606,3.89152153220339,0.0171063539571565,,,,,,
,,3.89830118644068,-0.0139685671470292,3.89830118644068,0.0121694651132112,,,,,,
,,3.90508084067797,-0.0147308299748327,3.90508084067797,0.00719019590451656,,,,,,
,,3.91186049491525,-0.0154902975892558,3.91186049491525,0.00218785279273079,,,,,,
,,3.91864014915254,-0.0162458284443622,3.91864014915254,-0.00281816829446255,,,,,,
,,3.92541980338983,-0.0169962374823439,3.92541980338983,-0.00780845716851387,,,,,,
,,3.93219945762712,-0.01774029524558,3.93219945762712,-0.0127636646404615,,,,,,
,,3.93897911186441,-0.0184767269778804,3.93897911186441,-0.0176645775448676,,,,,,
,,3.9457587661017,-0.019204211715168,3.9457587661017,-0.0224921932363414,,,,,,
,,3.95253842033898,-0.0199213813646987,3.95253842033898,-0.0272277932697974,,,,,,
,,3.95931807457627,-0.0206268197732836,3.95931807457627,-0.0318530159787657,,,,,,
,,3.96609772881356,-0.0213190617843654,3.96609772881356,-0.0363499276703385,,,,,,
,,3.97287738305085,-0.0219965922840669,3.97287738305085,-0.0407010921607085,,,,,,
,,3.97965703728814,-0.0226578452358829,3.97965703728814,-0.0448896383816762,,,,,,
,,3.98643669152542,-0.023301202703074,3.98643669152542,-0.048899325796,,,,,,
,,3.99321634576271,-0.0239249938612979,3.99321634576271,-0.0527146073679442,,,,,,
,,3.999996,-0.0245274939979355,3.999996,-0.0563206898448657,,,,,,
,,4.00677565423729,-0.0251069235011593,4.00677565423729,-0.0597035911161043,,,,,,
,,4.01355530847458,-0.0256614468362076,4.01355530847458,-0.0628501944267823,,,,,,
,,4.02033496271186,-0.0261891715106569,4.02033496271186,-0.0657482992362928,,,,,,
,,4.02711461694915,-0.0266881470272217,4.02711461694915,-0.0683866685242938,,,,,,
,,4.03389427118644,-0.0271563638257392,4.03389427118644,-0.0707550723607768,,,,,,
,,4.04067392542373,-0.0275917522109183,4.04067392542373,-0.0728443275712751,,,,,,
,,4.04745357966102,-0.0279921812710159,4.04745357966102,-0.0746463333434152,,,,,,
,,4.05423323389831,-0.0283554577810176,4.05423323389831,-0.0761541026367524,,,,,,
,,4.06101288813559,-0.0286793250967256,4.06101288813559,-0.0773617892741004,,,,,,
,,4.06779254237288,-0.0289614620338791,4.06779254237288,-0.0782647106093155,,,,,,
,,4.07457219661017,-0.0291994817366611,4.07457219661017,-0.0788593656836409,,,,,,
,,4.08135185084746,-0.0293909305328916,4.08135185084746,-0.079143448800214,,,,,,
,,4.08813150508475,-0.0295332867764323,4.08813150508475,-0.0791158584641029,,,,,,
,,4.09491115932203,-0.0296239596779834,4.09491115932203,-0.0787767016532082,,,,,,
,,4.10169081355932,-0.0296602881214733,4.10169081355932,-0.0781272934034701,,,,,,
,,4.10847046779661,-0.0296395394692662,4.10847046779661,-0.0771701517099897,,,,,,
,,4.1152501220339,-0.0295589083537121,4.1152501220339,-0.0759089877638338,,,,,,
,,4.12202977627119,-0.0294155154557344,4.12202977627119,-0.0743486915623796,,,,,,
,,4.12880943050848,-0.0292064062700567,4.12880943050848,-0.0724953129489929,,,,,,
,,4.13558908474576,-0.0289285498579993,4.13558908474576,-0.070356038155556,,,,,,
,,4.14236873898305,-0.0285788375864865,4.14236873898305,-0.0679391619387983,,,,,,
,,4.14914839322034,-0.0281540818539524,4.14914839322034,-0.0652540554184673,,,,,,
,,4.15592804745763,-0.027651014802769,4.15592804745763,-0.0623111297420449,,,,,,
,,4.16270770169492,-0.0270662870185371,4.16270770169492,-0.0591217957168912,,,,,,
,,4.1694873559322,-0.0263964662148087,4.1694873559322,-0.0556984195663396,,,,,,
,,4.17626701016949,-0.025638035905495,4.17626701016949,-0.0520542749812918,,,,,,
,,4.18304666440678,-0.0247873940627789,4.18304666440678,-0.0482034916532265,,,,,,
,,4.18982631864407,-0.0238408517610679,4.18982631864407,-0.0441610004881784,,,,,,
,,4.19660597288136,-0.0227946318076776,4.19660597288136,-0.0399424757141133,,,,,,
,,4.20338562711864,-0.0216448673590161,4.20338562711864,-0.0355642741061713,,,,,,
,,4.21016528135593,-0.0203876005229963,4.21016528135593,-0.0310433715654195,,,,,,
,,4.21694493559322,-0.0190187809464494,4.21694493559322,-0.0263972972970295,,,,,,
,,4.22372458983051,-0.0175342643904283,4.22372458983051,-0.0216440658430891,,,,,,
,,4.2305042440678,-0.0159298112887659,4.2305042440678,-0.0168021072335819,,,,,,
,,4.23728389830509,-0.0142010852931481,4.23728389830509,-0.0118901955263724,,,,,,
,,4.24406355254237,-0.0123436518041201,4.24406355254237,-0.00692737601326345,,,,,,
,,4.25084320677966,-0.0103529764876435,4.25084320677966,-0.00193289137438142,,,,,,
,,4.25762286101695,-0.00822442377548306,4.25762286101695,0.00307389293278553,,,,,,
,,4.26440251525424,-0.00595325535290282,4.26440251525424,0.00807356376040271,,,,,,
,,4.27118216949153,-0.00353462862979827,4.27118216949153,0.013046735542217,,,,,,
,,4.27796182372881,-0.000963595197868497,4.27796182372881,0.0179741254585414,,,,,,
,,4.2847414779661,0.00176490072725675,4.2847414779661,0.0228366282028523,,,,,,
,,4.29152113220339,0.00465602387956908,4.29152113220339,0.0276153900601042,,,,,,
,,4.29830078644068,0.00771504953079725,4.29830078644068,0.0322918820095311,,,,,,
,,4.30508044067797,0.010947365094016,4.30508044067797,0.0368479715684848,,,,,,
,,4.31186009491525,0.014358471743101,4.31186009491525,0.0412659930987604,,,,,,
,,4.31863974915254,0.0179539860465735,4.31863974915254,0.0455288163027751,,,,,,
,,4.32541940338983,0.0217396416179388,4.32541940338983,0.0496199126440526,,,,,,
,,4.33219905762712,0.025721290781377,4.33219905762712,0.0535234194344468,,,,,,
,,4.33897871186441,0.0299049062527347,4.33897871186441,0.05722420133963,,,,,,
,,4.3457583661017,0.0342965828370033,4.3457583661017,0.0607079090643617,,,,,,
,,4.35253802033898,0.0389025391410959,4.35253802033898,0.063961034989994,,,,,,
,,4.35931767457627,0.0437291193032009,4.35931767457627,0.0669709655484871,,,,,,
,,4.36609732881356,0.0487827947371987,4.36609732881356,0.0697260301298608,,,,,,
,,4.37287698305085,0.054070165894723,4.37287698305085,0.0722155463334501,,,,,,
,,4.37965663728814,0.0595979640422398,4.37965663728814,0.0744298613875089,,,,,,
,,4.38643629152542,0.0653730530550111,4.38643629152542,0.0763603895765647,,,,,,
,,4.39321594576271,0.0714024312268416,4.39321594576271,0.0779996455313992,,,,,,
,,4.3999956,0.0776932330977694,4.3999956,0.0793412732525851,,,,,,
